{
    "mire":0,
    "edges": {
        "top": {
            "left": {
                "x": 0,
                "y": 1
            },
            "right": {
                "x": 1.281786615271534,
                "y": 1.075251494002426
            }
        },
        "bottom": {
            "left": {
                "x": 0,
                "y": 0
            },
            "right": {
                "x": 1.0219881641998505,
                "y": -0.0419130656377066
            }
        }
    },
    "crop": {
        "top": {
            "left": {
                "x": 0,
                "y": 1
            },
            "right": {
                "x": 1.021555460078071,
                "y": 0.8711417777469793
            }
        },
        "bottom": {
            "left": {
                "x": 0,
                "y": 0
            },
            "right": {
                "x": 1,
                "y": 0
            }
        }
    },
    "blending": {
        "top": 0,
        "right": 0,
        "bottom": 0,
        "left": 0
    }
}